{
  "scaler_inputs_mean": [
    3.423691954557683,
    11.313103448275863
  ],
  "scaler_inputs_scale": [
    0.9378101121412713,
    10.556640369258103
  ],
  "centroids": [
    [
      2.102701396362438,
      -0.7078193531273906
    ],
    [
      -0.08193780265551466,
      0.5313219241735188
    ],
    [
      -0.9485258702269324,
      -0.05842835697763891
    ],
    [
      -0.5194958191287455,
      3.5161484558700513
    ],
    [
      -0.10128151296674623,
      -0.5466525986683288
    ],
    [
      -1.1161153116595617,
      1.50582731191066
    ],
    [
      0.858106987728892,
      -0.5659968462940852
    ]
  ],
  "region_stats": {
    "0": {
      "mean_p_abs": 0.5045043188610262
    },
    "1": {
      "mean_p_abs": 0.5958464292237182
    },
    "2": {
      "mean_p_abs": 0.6417881986333265
    },
    "3": {
      "mean_p_abs": 0.5806205944920128
    },
    "4": {
      "mean_p_abs": 0.5417634449797766
    },
    "5": {
      "mean_p_abs": 0.6523163109928011
    },
    "6": {
      "mean_p_abs": 0.527005889602138
    }
  }
}